path,size_bytes,sha256
.zenodo.json,2809,adb089e98b18c4979a3ce26642506a0c39edda5ea5a7a5ac395a3083edfef799
AUTHORS.md,627,9e655d3d253de84e7942d5343025488703bb07781a3cb014c1bd28af7619e152
CHANGELOG.md,508,5f3aa3b512ff62f8ccf5cbc61d9ec3d2e5e76999d6c75a1ed864b338e783a6a4
CITATION.cff,1697,780f7b112a23a744bdd25870c8cb3eac48e684d00416d0fee366888f3eabe8d6
FINALIZE_RESERVED_DOI.cmd,95,2231c6c812568bf02a6bda82da18024c8900ce46046e22b4d463dcbc04bb1892
README.md,3153,c64cc18af3abd746abf44499a3169ebca113f55e6092e78ef3a6d4e39a967864
VERSION,6,1575e1af4a95f12f70b4ee6a6adce8160953d93ea17dc2611b90883ccc3ad3b8
article/OPERA_GC_preprint_v1.1.0.pdf,334361,b832a92e421564a0933facce16aae21d35d33fa3d77044ef3ab27bc460c5d4d3
article/graphical_abstract.pdf,28773,74e04fb15e828f183fe2c14527a9f2360f3e4cf91b4d9cf79a535e2f9a9c7bc9
article/graphical_abstract.png,511516,37639b6ac69d1cb8942584d44755a5143db9725eada65625b6df6b7fef1a39e1
article/graphical_abstract_caption.txt,282,b91923d4051fd08200364c0b19718679e7f04029fb8c26992fd37478af6e18bd
article/source/elsarticle-harv.bst,30002,000723ab2e12516d28ca9a6857943c9ba3efd8bba2778a7c52ec5ea22ae5122c
article/source/elsarticle.cls,45216,ba7a1f25626a79fb39b53888dd826c4ae14d20db5429e236abdaaaf2fdf897ab
article/source/environment.yml,276,326a6e3165dc2be2f68a98b3187ce34ccde9febf9997bf38482330f418342b78
article/source/figure_source_data/gaia_starlevel_likelihood_fits.csv,9916,2ed1962ef530546c469e19e4e58aaf0e098059457e0fbfaad4a22fcd1a39f792
article/source/figure_source_data/kernel_weighted_selection_stress.csv,3021,2165d383df03501c7d68d7587f0bd1279676d155a432426bdaa94d9f6906ce09
article/source/figure_source_data/multicluster_radial_coverage.csv,1251,2dbac8b20d051766df2ddb85a082e489593c53353b36d1ff72d12e117fe1de37
article/source/figure_source_data/ngc6397_crossmatch_radius_ladder.csv,549,164a5173e872d7e4f02c23e442581c61ab6023ad0135f3e947681ef42f0e74d1
article/source/figure_source_data/selection_envelope_profile_reconstructions.csv,406020,2a33da5f4ee5e73d0ad69edfab6475df8e220d9a25ac33f8eae443c30bbf92f3
article/source/figure_source_data/selection_envelope_variants.csv,60506,368472be8f5fb560cd272d3f29a44da937a71c1435bee1c9d130df8620727c7b
article/source/figure_source_data/selection_matched_same_star_comparison.csv,92398,e1f4f6820b23c7bf55a622580fe537657c57ebf5e615cccf17965474d0e9efc6
article/source/figure_source_data/stage2e_report.json,3299,f02af74f6703c3c44253735c76247a09715236050f1b84e3f6a4fe6660acd337
article/source/figures/fig01_architecture.pdf,28773,74e04fb15e828f183fe2c14527a9f2360f3e4cf91b4d9cf79a535e2f9a9c7bc9
article/source/figures/fig_anchor_profiles.pdf,26553,5b60f2361f39d41975b0a58d39bcb02839bac0317895e0e8f2c8978ecb836847
article/source/figures/fig_gaia_outer_slopes.pdf,18513,d7b94c0de4d2b2a08fe6433f868ca2e8483d58f7dfed0fd420a9840ce16f47c2
article/source/figures/fig_multicluster_radial_support.pdf,13064,6496b71e2e02c3b309b1656bf40d5615a552770a3e8bbffcdb6dabada963cab7
article/source/figures/fig_ngc6397_selection_and_match.pdf,24367,71c9728bc13989e060687e4f7bfeade8aa80888243bbb941c47b1d3297fa4b0c
article/source/figures/fig_selection_envelope.pdf,28507,6d651a60b28b5ce6a41b7b7a4491dcd0ec4d32792b371dc8469831ca714566ef
article/source/main.bbl,23482,13aa8a2bd64af1573bba53424eec9581c9be9a7bc2e29335c822449c54c3b406
article/source/main.tex,45701,cdb7f43d488a076e8265d772cdd9a1c66c2339408d67cdc0782072527bde47ef
article/source/opera_gc.bib,14944,98db9cf0f670c3199e51c409d52d90e38d4ef60de7e587d32476228234b07c58
article/source/regenerate_figures.py,12274,78e623de9defd335d19c341c48a721d889b9b527b5d8bc4aa913217ab30d092f
article/source/tables/table_claim_ledger.tex,1581,3267d501dad5c45e8917c3bfe13add7c4ff225d4c9a4d623ea92f118ae58d787
article/source/tables/table_gaia_outer_slopes.tex,958,eecfe8a0ac9f3c1cf8923b2ad0ed453e09ecef263081443d8b850fc72bfb2abb
article/source/tables/table_ngc6397_validation.tex,553,6d0c3ee189df4a47712fa0445095ebd6b97850be7c666037f8c25be128b620f3
article/source/tables/table_selection_envelope.tex,929,525fc7c0cdcf5c6ccecd8574380e836dbe291a0ab6af51775334daa447a9c59e
article/source/tables/table_software_benchmark.tex,475,b9ce9ac60ecfbbed55b4665b66138bc23e1499cb9b8a2eb631b9555ee34fc67b
article/source/tables/table_software_context.tex,1809,7f7160090f89007c3ab645440eca1666b31de421f7b87fcfb6a3767f8ef2d6f9
article/source/tables/table_stage1c_stress.tex,671,4fd0a91d82e68257eeb89385b8127ac07ad2159309c79e8be71239fa25814d2d
article/source/tables/table_transfer_sample.tex,801,6407a63c18c0fdfb4f3695d7a1bf742f848ee0a6a72da09a6dbf08cea90922f6
codemeta.json,2121,2fec6388f87726dfececa1b25dedc6cd4788f1ef7c006213e89f8128abb03079
licenses/LICENSE_POLICY.md,518,48dd5cc9cb967c8baff62130db05dde64f777d2474b7663b4ac89b795971fbdf
licenses/PROPOSED_CC-BY-4.0_NOTICE.txt,516,3e7ec23c77c64b2bc64f6dc3a91d022f11efbf0c6a4282b714748f6be613cf18
licenses/PROPOSED_MIT_LICENSE.txt,1128,3c4d3f20325924163f09c686caa57fe0fd983448984c4de25e53565a920060e1
licenses/THIRD_PARTY_NOTICES.md,750,4d0032dc167b1d3d8736c07e39875c02775bf1910ff3ef16a9100c8f14af010d
metadata/RESERVED_DOI.txt,71,56695d1979f9cfb5dad562c06896ede779871fda7953d6fdf9b17f710a220ef8
metadata/ZENODO_FORM_VALUES.md,1688,ca8058720c504ae82bd97524d37ef9fe5eea40f7baf2c405bf93b5ec001f5e23
metadata/ZENODO_UPLOAD_CHECKLIST.md,1200,1cacc764d3e46006e2bfc014950dcfbe99a084bd167e6be65971bac7965ecfd6
metadata/zenodo_deposition_metadata.json,2929,50fe8b1a7f254885cef8200d49cd8481d2402cdcce895054001ed5958ec81ba4
reproducibility/POLISH_CHANGELOG_v1_1_0.md,1953,4a14d36c5b2a011aadee4ba4cb6da64aa0f867fa5301e40ce7000f3ff5def04f
reproducibility/PROVENANCE.md,682,cd4460a21d57df186136fd8583bcdcecb3fbdc461d838b4dc1ed0f1cedb667bc
reproducibility/STAGE_VERSION_MATRIX.csv,736,67d13186b7d32c692d4149abada35b0ab4a9bca1ab8c5d72ccb96a3189eeb708
reproducibility/claim_ledger.csv,1894,57726d926b949be4870180b20d7298d359193245010ff5d9b869ecba4b1d6e26
reproducibility/manuscript_metrics.json,962,7e0274ccb99afb99240dcd83ce473ccbd50d5b8454db02342f1e7d24f96722b5
reproducibility/software_benchmark_machine.json,374,7f6e4e41f49b701c2d9d2149c1bd96f15506634296ced7836ed78bbaa0142acb
reproducibility/software_benchmarks.csv,633,1646eb67f3e4cffc061e700ca3fe674a37b7831a0c09d58bda578d9f2bf4bb75
reproducibility/submission_validation_v1_1_0.json,382,57e9ad4c30515896ba36b308c282c7ec620b7b0f2de128c7f5baadc9c19c6de3
results/frozen_outputs/opera_gc_stage0_outputs_v0_1_0.zip,2872846,840257f98e172ecc9e36d87c6c3abd12b2e28e553efde8ed02257420c24ae6ef
results/frozen_outputs/opera_gc_stage1a_outputs_v0_2_0.zip,126706,69fb09d26781cce74ec8038fffb4877f3cff8a4d452783660ec7f997542edba4
results/frozen_outputs/opera_gc_stage1b_outputs_v0_3_1.zip,355007,79041f9e319d6082b1345a3459431772e25c4bb9620f04b25bba3f4e255ee769
results/frozen_outputs/opera_gc_stage1c_outputs_v0_4_0.zip,249331,15c22528e701738175b7fbbf384e04924113105121934e486fbc1c7fe2594683
results/frozen_outputs/opera_gc_stage2a_outputs_v0_5_0.zip,5672865,1e1d4468645179b06f4db960e6461a83cd2f7cf84a3a6da2ad84bf3f51cde3dc
results/frozen_outputs/opera_gc_stage2b_outputs_v0_6_1.zip,202585,c5f69553375e57b7e1b86ce07842c876a90c1022e17ba5822e1cdd5562c85642
results/frozen_outputs/opera_gc_stage2c_outputs_v0_7_0.zip,181442,a145420a3d4b0acba755782666e1a8fbb64f1a0ab68f394c14560f96d6d6ceda
results/frozen_outputs/opera_gc_stage2d_outputs_v0_8_3.zip,8692068,0b5485e341d1d8eef7f25447b68c676608e2e473481e92cb9d4535c8654bb41d
results/frozen_outputs/opera_gc_stage2e_outputs_v0_9_0.zip,242717,d4df7c6abb72102680e1fac0695088229c768668ff52a2ce00336bcb382a807e
results/frozen_outputs/opera_gc_stage2f_outputs_v1_0_0.zip,387503,9f15678e6aa6e284340a344cec69d37a3db9acf1a75301feb35fc45ff263756f
scripts/build_release_artifacts.py,2517,2dc23cd08c3122c4861a13a196686f2080fe1d020bf2e6fa51d96f6f501974b0
scripts/finalize_reserved_doi.py,1786,7347e05812aa750688450ba3a8c0b4a154b3383b867e551b4ddfd1d6adb5df94
scripts/verify_release.py,900,3b9d9975e6d236e7c05a65468dbbd4ecc841e62f12dfad99ee8c00a8bc488721
software/stage_packages/opera_gc_stage0_source_v0_1_0.zip,160582,633ebc9b7c8c84f6498cc0cfd833db7b499e4eee014c2facd4c09002766eb26f
software/stage_packages/opera_gc_stage1a_source_v0_2_0.zip,6059991,b4f3dc7e9e6c0a33b97fbf9fad0e17fe84f934fc2259c17fc309350889e2bfd9
software/stage_packages/opera_gc_stage1b_source_v0_3_1.zip,3755563,8674b2519df83ddf278abe850aa841da9f7cd6fa5758ae0e290362a03fdad411
software/stage_packages/opera_gc_stage1c_source_v0_4_0.zip,3885530,507be9a877514932a294428255f404cb236dde327468ef6e156cd68197e8f1fb
software/stage_packages/opera_gc_stage2a_source_v0_5_2.zip,263247,5695f0c6dd4979caebecd661f6a8cff47384f16975cec8704727c0e7cd1e3370
software/stage_packages/opera_gc_stage2b_source_v0_6_1.zip,11980655,171fcb5e2fb58a1b8689b5625a6a668373c6a1b12a3dfe0d0b1ffd178d3c529d
software/stage_packages/opera_gc_stage2c_source_v0_7_0.zip,1470902,637cc64e9fbb2f2fbd627f31d90e9f1cccd28d3decae688e3c0ea38f579044be
software/stage_packages/opera_gc_stage2d_source_v0_8_3.zip,949120,0d7ac6cfd162d7bdf017c7ab547bb47942f6b95a4ea5c7eba504835cf02180bc
software/stage_packages/opera_gc_stage2e_source_v0_9_0.zip,17902146,e2636a2005d013cc55d220dabe9f2f09aa7388f99696e87c0ed62ed6c2f8cf8a
software/stage_packages/opera_gc_stage2f_source_v1_0_0.zip,16022479,9fb34b8323b95aa1ee8b470b1cd9af4381a1709798beb82fc3d5ff33992208b5
